SampleID , xsection , kfactor , filtereff , uncertainty , mh , priority , generator , process , simulation
161340 ,		 0.00799665 ,		 1.0 ,		 0.37854 ,		 -- ,		 90 ,		 2 ,		 PowHeg+Pythia8 ,		 ggF_H->WW->leplep_2l_EF(CT10)
161341 ,		 0.016271 ,		 1.0 ,		 0.37499 ,		 -- ,		 95 ,		 2 ,		 PowHeg+Pythia8 ,		 ggF_H->WW->leplep_2l_EF(CT10)
161000 ,		 0.0344645 ,		 1.0 ,		 0.39143 ,		 -- ,		 100 ,		 2 ,		 PowHeg+Pythia8 ,		 ggF_H->WW->leplep_2l_EF(CT10)
161001 ,		 0.069007 ,		 1.0 ,		 0.41586 ,		 -- ,		 105 ,		 2 ,		 PowHeg+Pythia8 ,		 ggF_H->WW->leplep_2l_EF(CT10)
161002 ,		 0.125384 ,		 1.0 ,		 0.43865 ,		 -- ,		 110 ,		 1 ,		 PowHeg+Pythia8 ,		 ggF_H->WW->leplep_2l_EF(CT10)
161003 ,		 0.207281 ,		 1.0 ,		 0.45934 ,		 -- ,		 115 ,		 1 ,		 PowHeg+Pythia8 ,		 ggF_H->WW->leplep_2l_EF(CT10)
161004 ,		 0.312758 ,		 1.0 ,		 0.47659 ,		 -- ,		 120 ,		 1 ,		 PowHeg+Pythia8 ,		 ggF_H->WW->leplep_2l_EF(CT10)
161005 ,		 0.440563 ,		 1.0 ,		 0.49105 ,		 -- ,		 125 ,		 1 ,		 PowHeg+Pythia8 ,		 ggF_H->WW->leplep_2l_EF(CT10)
161006 ,		 0.574766 ,		 1.0 ,		 0.50312 ,		 -- ,		 130 ,		 1 ,		 PowHeg+Pythia8 ,		 ggF_H->WW->leplep_2l_EF(CT10)
161007 ,		 0.705019 ,		 1.0 ,		 0.51327 ,		 -- ,		 135 ,		 1 ,		 PowHeg+Pythia8 ,		 ggF_H->WW->leplep_2l_EF(CT10)
161008 ,		 0.822028 ,		 1.0 ,		 0.52203 ,		 -- ,		 140 ,		 1 ,		 PowHeg+Pythia8 ,		 ggF_H->WW->leplep_2l_EF(CT10)
161009 ,		 0.91896 ,		 1.0 ,		 0.52893 ,		 -- ,		 145 ,		 1 ,		 PowHeg+Pythia8 ,		 ggF_H->WW->leplep_2l_EF(CT10)
161010 ,		 0.997314 ,		 1.0 ,		 0.53674 ,		 -- ,		 150 ,		 1 ,		 PowHeg+Pythia8 ,		 ggF_H->WW->leplep_2l_EF(CT10)
161011 ,		 1.06606 ,		 1.0 ,		 0.54168 ,		 -- ,		 155 ,		 1 ,		 PowHeg+Pythia8 ,		 ggF_H->WW->leplep_2l_EF(CT10)
161012 ,		 1.13905 ,		 1.0 ,		 0.54911 ,		 -- ,		 160 ,		 1 ,		 PowHeg+Pythia8 ,		 ggF_H->WW->leplep_2l_EF(CT10)
161013 ,		 1.09746 ,		 1.0 ,		 0.55383 ,		 -- ,		 165 ,		 1 ,		 PowHeg+Pythia8 ,		 ggF_H->WW->leplep_2l_EF(CT10)
161014 ,		 1.02411 ,		 1.0 ,		 0.55652 ,		 -- ,		 170 ,		 1 ,		 PowHeg+Pythia8 ,		 ggF_H->WW->leplep_2l_EF(CT10)
161015 ,		 0.952973 ,		 1.0 ,		 0.55815 ,		 -- ,		 175 ,		 1 ,		 PowHeg+Pythia8 ,		 ggF_H->WW->leplep_2l_EF(CT10)
161016 ,		 0.868211 ,		 1.0 ,		 0.55733 ,		 -- ,		 180 ,		 1 ,		 PowHeg+Pythia8 ,		 ggF_H->WW->leplep_2l_EF(CT10)
161017 ,		 0.737681 ,		 1.0 ,		 0.5597 ,		 -- ,		 185 ,		 1 ,		 PowHeg+Pythia8 ,		 ggF_H->WW->leplep_2l_EF(CT10)
161018 ,		 0.649198 ,		 1.0 ,		 0.56359 ,		 -- ,		 190 ,		 1 ,		 PowHeg+Pythia8 ,		 ggF_H->WW->leplep_2l_EF(CT10)
161019 ,		 0.590677 ,		 1.0 ,		 0.56222 ,		 -- ,		 195 ,		 1 ,		 PowHeg+Pythia8 ,		 ggF_H->WW->leplep_2l_EF(CT10)
161020 ,		 0.554389 ,		 1.0 ,		 0.56381 ,		 -- ,		 200 ,		 1 ,		 PowHeg+Pythia8 ,		 ggF_H->WW->leplep_2l_EF(CT10)
161021 ,		 0.452565 ,		 1.0 ,		 0.56742 ,		 -- ,		 220 ,		 2 ,		 PowHeg+Pythia8 ,		 ggF_H->WW->leplep_2l_EF(CT10)
161022 ,		 0.38304 ,		 1.0 ,		 0.57242 ,		 -- ,		 240 ,		 2 ,		 PowHeg+Pythia8 ,		 ggF_H->WW->leplep_2l_EF(CT10)
161023 ,		 0.328661 ,		 1.0 ,		 0.57625 ,		 -- ,		 260 ,		 2 ,		 PowHeg+Pythia8 ,		 ggF_H->WW->leplep_2l_EF(CT10)
161024 ,		 0.289207 ,		 1.0 ,		 0.57878 ,		 -- ,		 280 ,		 2 ,		 PowHeg+Pythia8 ,		 ggF_H->WW->leplep_2l_EF(CT10)
161025 ,		 0.261952 ,		 1.0 ,		 0.5807 ,		 -- ,		 300 ,		 2 ,		 PowHeg+Pythia8 ,		 ggF_H->WW->leplep_2l_EF(CT10)
161026 ,		 0.245338 ,		 1.0 ,		 0.58419 ,		 -- ,		 320 ,		 2 ,		 PowHeg+Pythia8 ,		 ggF_H->WW->leplep_2l_EF(CT10)
161027 ,		 0.242823 ,		 1.0 ,		 0.58445 ,		 -- ,		 340 ,		 2 ,		 PowHeg+Pythia8 ,		 ggF_H->WW->leplep_2l_EF(CT10)
161028 ,		 0.23167 ,		 1.0 ,		 0.58682 ,		 -- ,		 360 ,		 2 ,		 PowHeg+Pythia8 ,		 ggF_H->WW->leplep_2l_EF(CT10)
161029 ,		 0.206815 ,		 1.0 ,		 0.58894 ,		 -- ,		 380 ,		 2 ,		 PowHeg+Pythia8 ,		 ggF_H->WW->leplep_2l_EF(CT10)
161030 ,		 0.178645 ,		 1.0 ,		 0.59013 ,		 -- ,		 400 ,		 2 ,		 PowHeg+Pythia8 ,		 ggF_H->WW->leplep_2l_EF(CT10)
161031 ,		 0.151363 ,		 1.0 ,		 0.59188 ,		 -- ,		 420 ,		 2 ,		 PowHeg+Pythia8 ,		 ggF_H->WW->leplep_2l_EF(CT10)
161032 ,		 0.12701 ,		 1.0 ,		 0.59381 ,		 -- ,		 440 ,		 2 ,		 PowHeg+Pythia8 ,		 ggF_H->WW->leplep_2l_EF(CT10)
161033 ,		 0.10587 ,		 1.0 ,		 0.59336 ,		 -- ,		 460 ,		 2 ,		 PowHeg+Pythia8 ,		 ggF_H->WW->leplep_2l_EF(CT10)
161034 ,		 0.0881534 ,		 1.0 ,		 0.59452 ,		 -- ,		 480 ,		 2 ,		 PowHeg+Pythia8 ,		 ggF_H->WW->leplep_2l_EF(CT10)
161035 ,		 0.0735376 ,		 1.0 ,		 0.59564 ,		 -- ,		 500 ,		 2 ,		 PowHeg+Pythia8 ,		 ggF_H->WW->leplep_2l_EF(CT10)
161036 ,		 0.061384 ,		 1.0 ,		 0.59763 ,		 -- ,		 520 ,		 2 ,		 PowHeg+Pythia8 ,		 ggF_H->WW->leplep_2l_EF(CT10)
161037 ,		 0.0513615 ,		 1.0 ,		 0.59841 ,		 -- ,		 540 ,		 2 ,		 PowHeg+Pythia8 ,		 ggF_H->WW->leplep_2l_EF(CT10)
161038 ,		 0.043124 ,		 1.0 ,		 0.59848 ,		 -- ,		 560 ,		 2 ,		 PowHeg+Pythia8 ,		 ggF_H->WW->leplep_2l_EF(CT10)
161039 ,		 0.0362912 ,		 1.0 ,		 0.59762 ,		 -- ,		 580 ,		 2 ,		 PowHeg+Pythia8 ,		 ggF_H->WW->leplep_2l_EF(CT10)
161040 ,		 0.0306356 ,		 1.0 ,		 0.5991 ,		 -- ,		 600 ,		 2 ,		 PowHeg+Pythia8 ,		 ggF_H->WW->leplep_2l_EF(CT10)

161342 ,		 0.000476105 ,		 1.0 ,		 0.42008 ,		 -- ,		 90 ,		 2 ,		 PowHeg+Pythia8 ,		 VBF_H->WW->leplep_2l_EF(CT10)
161343 ,		 0.00102166 ,		 1.0 ,		 0.41349 ,		 -- ,		 95 ,		 2 ,		 PowHeg+Pythia8 ,		 VBF_H->WW->leplep_2l_EF(CT10)
161050 ,		 0.00227475 ,		 1.0 ,		 0.42484 ,		 -- ,		 100 ,		 2 ,		 PowHeg+Pythia8 ,		 VBF_H->WW->leplep_2l_EF(CT10)
161051 ,		 0.00477935 ,		 1.0 ,		 0.44381 ,		 -- ,		 105 ,		 2 ,		 PowHeg+Pythia8 ,		 VBF_H->WW->leplep_2l_EF(CT10)
161052 ,		 0.00905831 ,		 1.0 ,		 0.46314 ,		 -- ,		 110 ,		 1 ,		 PowHeg+Pythia8 ,		 VBF_H->WW->leplep_2l_EF(CT10)
161053 ,		 0.0156093 ,		 1.0 ,		 0.47894 ,		 -- ,		 115 ,		 1 ,		 PowHeg+Pythia8 ,		 VBF_H->WW->leplep_2l_EF(CT10)
161054 ,		 0.0244079 ,		 1.0 ,		 0.494 ,		 -- ,		 120 ,		 1 ,		 PowHeg+Pythia8 ,		 VBF_H->WW->leplep_2l_EF(CT10)
161055 ,		 0.0356152 ,		 1.0 ,		 0.5071 ,		 -- ,		 125 ,		 1 ,		 PowHeg+Pythia8 ,		 VBF_H->WW->leplep_2l_EF(CT10)
161056 ,		 0.0480615 ,		 1.0 ,		 0.51756 ,		 -- ,		 130 ,		 1 ,		 PowHeg+Pythia8 ,		 VBF_H->WW->leplep_2l_EF(CT10)
161057 ,		 0.0608021 ,		 1.0 ,		 0.52577 ,		 -- ,		 135 ,		 1 ,		 PowHeg+Pythia8 ,		 VBF_H->WW->leplep_2l_EF(CT10)
161058 ,		 0.0730516 ,		 1.0 ,		 0.53351 ,		 -- ,		 140 ,		 1 ,		 PowHeg+Pythia8 ,		 VBF_H->WW->leplep_2l_EF(CT10)
161059 ,		 0.0839598 ,		 1.0 ,		 0.54071 ,		 -- ,		 145 ,		 1 ,		 PowHeg+Pythia8 ,		 VBF_H->WW->leplep_2l_EF(CT10)
161060 ,		 0.093521 ,		 1.0 ,		 0.54625 ,		 -- ,		 150 ,		 1 ,		 PowHeg+Pythia8 ,		 VBF_H->WW->leplep_2l_EF(CT10)
161061 ,		 0.102605 ,		 1.0 ,		 0.55232 ,		 -- ,		 155 ,		 1 ,		 PowHeg+Pythia8 ,		 VBF_H->WW->leplep_2l_EF(CT10)
161062 ,		 0.112952 ,		 1.0 ,		 0.55932 ,		 -- ,		 160 ,		 1 ,		 PowHeg+Pythia8 ,		 VBF_H->WW->leplep_2l_EF(CT10)
161063 ,		 0.114987 ,		 1.0 ,		 0.56439 ,		 -- ,		 165 ,		 1 ,		 PowHeg+Pythia8 ,		 VBF_H->WW->leplep_2l_EF(CT10)
161064 ,		 0.111114 ,		 1.0 ,		 0.56499 ,		 -- ,		 170 ,		 1 ,		 PowHeg+Pythia8 ,		 VBF_H->WW->leplep_2l_EF(CT10)
161065 ,		 0.106098 ,		 1.0 ,		 0.56505 ,		 -- ,		 175 ,		 1 ,		 PowHeg+Pythia8 ,		 VBF_H->WW->leplep_2l_EF(CT10)
161066 ,		 0.0993052 ,		 1.0 ,		 0.56756 ,		 -- ,		 180 ,		 1 ,		 PowHeg+Pythia8 ,		 VBF_H->WW->leplep_2l_EF(CT10)
161067 ,		 0.0864734 ,		 1.0 ,		 0.56967 ,		 -- ,		 185 ,		 1 ,		 PowHeg+Pythia8 ,		 VBF_H->WW->leplep_2l_EF(CT10)
161068 ,		 0.0774532 ,		 1.0 ,		 0.56757 ,		 -- ,		 190 ,		 1 ,		 PowHeg+Pythia8 ,		 VBF_H->WW->leplep_2l_EF(CT10)
161069 ,		 0.0716632 ,		 1.0 ,		 0.567 ,		 -- ,		 195 ,		 1 ,		 PowHeg+Pythia8 ,		 VBF_H->WW->leplep_2l_EF(CT10)
161070 ,		 0.0675582 ,		 1.0 ,		 0.57221 ,		 -- ,		 200 ,		 1 ,		 PowHeg+Pythia8 ,		 VBF_H->WW->leplep_2l_EF(CT10)
161071 ,		 0.0575413 ,		 1.0 ,		 0.57496 ,		 -- ,		 220 ,		 2 ,		 PowHeg+Pythia8 ,		 VBF_H->WW->leplep_2l_EF(CT10)
161072 ,		 0.0495373 ,		 1.0 ,		 0.57904 ,		 -- ,		 240 ,		 2 ,		 PowHeg+Pythia8 ,		 VBF_H->WW->leplep_2l_EF(CT10)
161073 ,		 0.0425374 ,		 1.0 ,		 0.58189 ,		 -- ,		 260 ,		 2 ,		 PowHeg+Pythia8 ,		 VBF_H->WW->leplep_2l_EF(CT10)
161074 ,		 0.0368075 ,		 1.0 ,		 0.58606 ,		 -- ,		 280 ,		 2 ,		 PowHeg+Pythia8 ,		 VBF_H->WW->leplep_2l_EF(CT10)
161075 ,		 0.0320212 ,		 1.0 ,		 0.5871 ,		 -- ,		 300 ,		 2 ,		 PowHeg+Pythia8 ,		 VBF_H->WW->leplep_2l_EF(CT10)
161076 ,		 0.0280273 ,		 1.0 ,		 0.58722 ,		 -- ,		 320 ,		 2 ,		 PowHeg+Pythia8 ,		 VBF_H->WW->leplep_2l_EF(CT10)
161077 ,		 0.024679 ,		 1.0 ,		 0.59102 ,		 -- ,		 340 ,		 2 ,		 PowHeg+Pythia8 ,		 VBF_H->WW->leplep_2l_EF(CT10)
161078 ,		 0.0206932 ,		 1.0 ,		 0.59321 ,		 -- ,		 360 ,		 2 ,		 PowHeg+Pythia8 ,		 VBF_H->WW->leplep_2l_EF(CT10)
161079 ,		 0.0177471 ,		 1.0 ,		 0.59443 ,		 -- ,		 380 ,		 2 ,		 PowHeg+Pythia8 ,		 VBF_H->WW->leplep_2l_EF(CT10)
161080 ,		 0.0155367 ,		 1.0 ,		 0.59699 ,		 -- ,		 400 ,		 2 ,		 PowHeg+Pythia8 ,		 VBF_H->WW->leplep_2l_EF(CT10)
161081 ,		 0.0137425 ,		 1.0 ,		 0.59423 ,		 -- ,		 420 ,		 2 ,		 PowHeg+Pythia8 ,		 VBF_H->WW->leplep_2l_EF(CT10)
161082 ,		 0.0122524 ,		 1.0 ,		 0.5993 ,		 -- ,		 440 ,		 2 ,		 PowHeg+Pythia8 ,		 VBF_H->WW->leplep_2l_EF(CT10)
161083 ,		 0.0109789 ,		 1.0 ,		 0.59795 ,		 -- ,		 460 ,		 2 ,		 PowHeg+Pythia8 ,		 VBF_H->WW->leplep_2l_EF(CT10)
161084 ,		 0.0098814 ,		 1.0 ,		 0.60054 ,		 -- ,		 480 ,		 2 ,		 PowHeg+Pythia8 ,		 VBF_H->WW->leplep_2l_EF(CT10)
161085 ,		 0.0089471 ,		 1.0 ,		 0.59961 ,		 -- ,		 500 ,		 2 ,		 PowHeg+Pythia8 ,		 VBF_H->WW->leplep_2l_EF(CT10)
161086 ,		 0.0081194 ,		 1.0 ,		 0.60079 ,		 -- ,		 520 ,		 2 ,		 PowHeg+Pythia8 ,		 VBF_H->WW->leplep_2l_EF(CT10)
161087 ,		 0.0073941 ,		 1.0 ,		 0.60086 ,		 -- ,		 540 ,		 2 ,		 PowHeg+Pythia8 ,		 VBF_H->WW->leplep_2l_EF(CT10)
161088 ,		 0.0067565 ,		 1.0 ,		 0.6006 ,		 -- ,		 560 ,		 2 ,		 PowHeg+Pythia8 ,		 VBF_H->WW->leplep_2l_EF(CT10)
161089 ,		 0.0061873 ,		 1.0 ,		 0.60151 ,		 -- ,		 580 ,		 2 ,		 PowHeg+Pythia8 ,		 VBF_H->WW->leplep_2l_EF(CT10)
161090 ,		 0.0056749 ,		 1.0 ,		 0.60156 ,		 -- ,		 600 ,		 2 ,		 PowHeg+Pythia8 ,		 VBF_H->WW->leplep_2l_EF(CT10)

161344 ,		 0.0004179 ,		 1.0 ,		 1.0 ,		 -- ,		 90 ,		 2 ,		 Pythia8 ,		 WH_H->WW->leplep(CTEQ6L1)
161345 ,		 0.0008136 ,		 1.0 ,		 1.0 ,		 -- ,		 95 ,		 2 ,		 Pythia8 ,		 WH_H->WW->leplep(CTEQ6L1)
161100 ,		 0.00164958 ,		 1.0 ,		 1.0 ,		 -- ,		 100 ,		 2 ,		 Pythia8 ,		 WH_H->WW->leplep(CTEQ6L1)
161101 ,		 0.00314226 ,		 1.0 ,		 1.0 ,		 -- ,		 105 ,		 2 ,		 Pythia8 ,		 WH_H->WW->leplep(CTEQ6L1)
161102 ,		 0.00544068 ,		 1.0 ,		 1.0 ,		 -- ,		 110 ,		 1 ,		 Pythia8 ,		 WH_H->WW->leplep(CTEQ6L1)
161103 ,		 0.00855252 ,		 1.0 ,		 1.0 ,		 -- ,		 115 ,		 1 ,		 Pythia8 ,		 WH_H->WW->leplep(CTEQ6L1)
161104 ,		 0.0123196 ,		 1.0 ,		 1.0 ,		 -- ,		 120 ,		 1 ,		 Pythia8 ,		 WH_H->WW->leplep(CTEQ6L1)
161105 ,		 0.0164876 ,		 1.0 ,		 1.0 ,		 -- ,		 125 ,		 2 ,		 Pythia8 ,		 WH_H->WW->leplep(CTEQ6L1)
161106 ,		 0.0204811 ,		 1.0 ,		 1.0 ,		 -- ,		 130 ,		 1 ,		 Pythia8 ,		 WH_H->WW->leplep(CTEQ6L1)
161107 ,		 0.0238846 ,		 1.0 ,		 1.0 ,		 -- ,		 135 ,		 1 ,		 Pythia8 ,		 WH_H->WW->leplep(CTEQ6L1)
161108 ,		 0.026367 ,		 1.0 ,		 1.0 ,		 -- ,		 140 ,		 1 ,		 Pythia8 ,		 WH_H->WW->leplep(CTEQ6L1)
161109 ,		 0.0279521 ,		 1.0 ,		 1.0 ,		 -- ,		 145 ,		 1 ,		 Pythia8 ,		 WH_H->WW->leplep(CTEQ6L1)
161110 ,		 0.0285938 ,		 1.0 ,		 1.0 ,		 -- ,		 150 ,		 1 ,		 Pythia8 ,		 WH_H->WW->leplep(CTEQ6L1)
161111 ,		 0.261226 ,		 1.0 ,		 0.104976 ,		 -- ,		 155 ,		 1 ,		 Pythia8 ,		 WH_H->WW->leplep(CTEQ6L1)
161112 ,		 0.0279504 ,		 1.0 ,		 1.0 ,		 -- ,		 160 ,		 1 ,		 Pythia8 ,		 WH_H->WW->leplep(CTEQ6L1)
161113 ,		 0.027089 ,		 1.0 ,		 1.0 ,		 -- ,		 165 ,		 1 ,		 Pythia8 ,		 WH_H->WW->leplep(CTEQ6L1)
161114 ,		 0.0243286 ,		 1.0 ,		 1.0 ,		 -- ,		 170 ,		 1 ,		 Pythia8 ,		 WH_H->WW->leplep(CTEQ6L1)
161115 ,		 0.0218154 ,		 1.0 ,		 1.0 ,		 -- ,		 175 ,		 1 ,		 Pythia8 ,		 WH_H->WW->leplep(CTEQ6L1)
161116 ,		 0.0193011 ,		 1.0 ,		 1.0 ,		 -- ,		 180 ,		 1 ,		 Pythia8 ,		 WH_H->WW->leplep(CTEQ6L1)
161117 ,		 0.0166266 ,		 1.0 ,		 1.0 ,		 -- ,		 185 ,		 1 ,		 Pythia8 ,		 WH_H->WW->leplep(CTEQ6L1)
161118 ,		 0.0144952 ,		 1.0 ,		 1.0 ,		 -- ,		 190 ,		 1 ,		 Pythia8 ,		 WH_H->WW->leplep(CTEQ6L1)
161119 ,		 0.0129096 ,		 1.0 ,		 1.0 ,		 -- ,		 195 ,		 1 ,		 Pythia8 ,		 WH_H->WW->leplep(CTEQ6L1)
161120 ,		 0.0116015 ,		 1.0 ,		 1.0 ,		 -- ,		 200 ,		 1 ,		 Pythia8 ,		 WH_H->WW->leplep(CTEQ6L1)
161121 ,		 0.00792436 ,		 1.0 ,		 1.0 ,		 -- ,		 220 ,		 2 ,		 Pythia8 ,		 WH_H->WW->leplep(CTEQ6L1)
161122 ,		 0.00562336 ,		 1.0 ,		 1.0 ,		 -- ,		 240 ,		 2 ,		 Pythia8 ,		 WH_H->WW->leplep(CTEQ6L1)
161123 ,		 0.00408416 ,		 1.0 ,		 1.0 ,		 -- ,		 260 ,		 2 ,		 Pythia8 ,		 WH_H->WW->leplep(CTEQ6L1)
161124 ,		 0.00302282 ,		 1.0 ,		 1.0 ,		 -- ,		 280 ,		 2 ,		 Pythia8 ,		 WH_H->WW->leplep(CTEQ6L1)
161125 ,		 0.00227019 ,		 1.0 ,		 1.0 ,		 -- ,		 300 ,		 2 ,		 Pythia8 ,		 WH_H->WW->leplep(CTEQ6L1)

161452 ,		 0.0510867 ,		 1.0 ,		 0.438048 ,		 -- ,		 110 ,		 2 ,		 Pythia8 ,		 WH_H->WW->lepjetjet(CTEQ6L1)
161453 ,		 0.0811702 ,		 1.0 ,		 0.438048 ,		 -- ,		 115 ,		 2 ,		 Pythia8 ,		 WH_H->WW->lepjetjet(CTEQ6L1)
161454 ,		 0.0710186 ,		 1.0 ,		 0.438048 ,		 -- ,		 120 ,		 2 ,		 Pythia8 ,		 WH_H->WW->lepjetjet(CTEQ6L1)
161455 ,		 0.151489 ,		 1.0 ,		 0.438048 ,		 -- ,		 125 ,		 1 ,		 Pythia8 ,		 WH_H->WW->lepjetjet(CTEQ6L1)
161456 ,		 0.186921 ,		 1.0 ,		 0.438048 ,		 -- ,		 130 ,		 2 ,		 Pythia8 ,		 WH_H->WW->lepjetjet(CTEQ6L1)
161457 ,		 0.21664 ,		 1.0 ,		 0.438048 ,		 -- ,		 135 ,		 2 ,		 Pythia8 ,		 WH_H->WW->lepjetjet(CTEQ6L1)
161458 ,		 0.238877 ,		 1.0 ,		 0.438048 ,		 -- ,		 140 ,		 2 ,		 Pythia8 ,		 WH_H->WW->lepjetjet(CTEQ6L1)
161459 ,		 0.25296 ,		 1.0 ,		 0.438048 ,		 -- ,		 145 ,		 2 ,		 Pythia8 ,		 WH_H->WW->lepjetjet(CTEQ6L1)
161460 ,		 0.259469 ,		 1.0 ,		 0.438048 ,		 -- ,		 150 ,		 2 ,		 Pythia8 ,		 WH_H->WW->lepjetjet(CTEQ6L1)
161461 ,		 0.261226 ,		 1.0 ,		 0.438048 ,		 -- ,		 155 ,		 2 ,		 Pythia8 ,		 WH_H->WW->lepjetjet(CTEQ6L1)
161462 ,		 0.259234 ,		 1.0 ,		 0.438048 ,		 -- ,		 160 ,		 2 ,		 Pythia8 ,		 WH_H->WW->lepjetjet(CTEQ6L1)
161463 ,		 0.25248 ,		 1.0 ,		 0.438048 ,		 -- ,		 165 ,		 2 ,		 Pythia8 ,		 WH_H->WW->lepjetjet(CTEQ6L1)
161464 ,		 0.227697 ,		 1.0 ,		 0.438048 ,		 -- ,		 170 ,		 2 ,		 Pythia8 ,		 WH_H->WW->lepjetjet(CTEQ6L1)
161465 ,		 0.202904 ,		 1.0 ,		 0.438048 ,		 -- ,		 175 ,		 2 ,		 Pythia8 ,		 WH_H->WW->lepjetjet(CTEQ6L1)
161466 ,		 0.178105 ,		 1.0 ,		 0.438048 ,		 -- ,		 180 ,		 2 ,		 Pythia8 ,		 WH_H->WW->lepjetjet(CTEQ6L1)
161467 ,		 0.14694 ,		 1.0 ,		 0.438048 ,		 -- ,		 185 ,		 2 ,		 Pythia8 ,		 WH_H->WW->lepjetjet(CTEQ6L1)
161468 ,		 0.124109 ,		 1.0 ,		 0.438048 ,		 -- ,		 190 ,		 2 ,		 Pythia8 ,		 WH_H->WW->lepjetjet(CTEQ6L1)
161469 ,		 0.108705 ,		 1.0 ,		 0.438048 ,		 -- ,		 195 ,		 2 ,		 Pythia8 ,		 WH_H->WW->lepjetjet(CTEQ6L1)
161470 ,		 0.0967005 ,		 1.0 ,		 0.438048 ,		 -- ,		 200 ,		 2 ,		 Pythia8 ,		 WH_H->WW->lepjetjet(CTEQ6L1)
161471 ,		 0.0649597 ,		 1.0 ,		 0.438048 ,		 -- ,		 220 ,		 2 ,		 Pythia8 ,		 WH_H->WW->lepjetjet(CTEQ6L1)
161472 ,		 0.045767 ,		 1.0 ,		 0.438048 ,		 -- ,		 240 ,		 2 ,		 Pythia8 ,		 WH_H->WW->lepjetjet(CTEQ6L1)
161473 ,		 0.0331186 ,		 1.0 ,		 0.438048 ,		 -- ,		 260 ,		 2 ,		 Pythia8 ,		 WH_H->WW->lepjetjet(CTEQ6L1)
161474 ,		 0.024457 ,		 1.0 ,		 0.438048 ,		 -- ,		 280 ,		 2 ,		 Pythia8 ,		 WH_H->WW->lepjetjet(CTEQ6L1)
161475 ,		 0.0183311 ,		 1.0 ,		 0.438048 ,		 -- ,		 300 ,		 2 ,		 Pythia8 ,		 WH_H->WW->lepjetjet(CTEQ6L1)

161346 ,		 0.00022932 ,		 1.0 ,		 1.0 ,		 -- ,		 90 ,		 2 ,		 Pythia8 ,		 ZH_H->WW->leplep(CTEQ6L1)
161347 ,		 0.000450384 ,		 1.0 ,		 1.0 ,		 -- ,		 95 ,		 2 ,		 Pythia8 ,		 ZH_H->WW->leplep(CTEQ6L1)
161150 ,		 0.000923628 ,		 1.0 ,		 1.0 ,		 -- ,		 100 ,		 2 ,		 Pythia8 ,		 ZH_H->WW->leplep(CTEQ6L1)
161151 ,		 0.00177657 ,		 1.0 ,		 1.0 ,		 -- ,		 105 ,		 2 ,		 Pythia8 ,		 ZH_H->WW->leplep(CTEQ6L1)
161152 ,		 0.0031115 ,		 1.0 ,		 1.0 ,		 -- ,		 110 ,		 1 ,		 Pythia8 ,		 ZH_H->WW->leplep(CTEQ6L1)
161153 ,		 0.00494543 ,		 1.0 ,		 1.0 ,		 -- ,		 115 ,		 1 ,		 Pythia8 ,		 ZH_H->WW->leplep(CTEQ6L1)
161154 ,		 0.0072063 ,		 1.0 ,		 1.0 ,		 -- ,		 120 ,		 1 ,		 Pythia8 ,		 ZH_H->WW->leplep(CTEQ6L1)
161155 ,		 0.00971802 ,		 1.0 ,		 1.0 ,		 -- ,		 125 ,		 2 ,		 Pythia8 ,		 ZH_H->WW->leplep(CTEQ6L1)
161156 ,		 0.0121877 ,		 1.0 ,		 1.0 ,		 -- ,		 130 ,		 1 ,		 Pythia8 ,		 ZH_H->WW->leplep(CTEQ6L1)
161157 ,		 0.0143722 ,		 1.0 ,		 1.0 ,		 -- ,		 135 ,		 1 ,		 Pythia8 ,		 ZH_H->WW->leplep(CTEQ6L1)
161158 ,		 0.0160259 ,		 1.0 ,		 1.0 ,		 -- ,		 140 ,		 1 ,		 Pythia8 ,		 ZH_H->WW->leplep(CTEQ6L1)
161159 ,		 0.0171253 ,		 1.0 ,		 1.0 ,		 -- ,		 145 ,		 1 ,		 Pythia8 ,		 ZH_H->WW->leplep(CTEQ6L1)
161160 ,		 0.0177024 ,		 1.0 ,		 1.0 ,		 -- ,		 150 ,		 1 ,		 Pythia8 ,		 ZH_H->WW->leplep(CTEQ6L1)
161161 ,		 0.163564 ,		 1.0 ,		 0.104976 ,		 -- ,		 155 ,		 1 ,		 Pythia8 ,		 ZH_H->WW->leplep(CTEQ6L1)
161162 ,		 0.0177786 ,		 1.0 ,		 1.0 ,		 -- ,		 160 ,		 1 ,		 Pythia8 ,		 ZH_H->WW->leplep(CTEQ6L1)
161163 ,		 0.0173349 ,		 1.0 ,		 1.0 ,		 -- ,		 165 ,		 1 ,		 Pythia8 ,		 ZH_H->WW->leplep(CTEQ6L1)
161164 ,		 0.0156354 ,		 1.0 ,		 1.0 ,		 -- ,		 170 ,		 1 ,		 Pythia8 ,		 ZH_H->WW->leplep(CTEQ6L1)
161165 ,		 0.0141007 ,		 1.0 ,		 1.0 ,		 -- ,		 175 ,		 1 ,		 Pythia8 ,		 ZH_H->WW->leplep(CTEQ6L1)
161166 ,		 0.0124331 ,		 1.0 ,		 1.0 ,		 -- ,		 180 ,		 1 ,		 Pythia8 ,		 ZH_H->WW->leplep(CTEQ6L1)
161167 ,		 0.0107437 ,		 1.0 ,		 1.0 ,		 -- ,		 185 ,		 1 ,		 Pythia8 ,		 ZH_H->WW->leplep(CTEQ6L1)
161168 ,		 0.00938196 ,		 1.0 ,		 1.0 ,		 -- ,		 190 ,		 1 ,		 Pythia8 ,		 ZH_H->WW->leplep(CTEQ6L1)
161169 ,		 0.00837329 ,		 1.0 ,		 1.0 ,		 -- ,		 195 ,		 1 ,		 Pythia8 ,		 ZH_H->WW->leplep(CTEQ6L1)
161170 ,		 0.0075485 ,		 1.0 ,		 1.0 ,		 -- ,		 200 ,		 1 ,		 Pythia8 ,		 ZH_H->WW->leplep(CTEQ6L1)
161171 ,		 0.00516764 ,		 1.0 ,		 1.0 ,		 -- ,		 220 ,		 2 ,		 Pythia8 ,		 ZH_H->WW->leplep(CTEQ6L1)
161172 ,		 0.00363213 ,		 1.0 ,		 1.0 ,		 -- ,		 240 ,		 2 ,		 Pythia8 ,		 ZH_H->WW->leplep(CTEQ6L1)
161173 ,		 0.00259634 ,		 1.0 ,		 1.0 ,		 -- ,		 260 ,		 2 ,		 Pythia8 ,		 ZH_H->WW->leplep(CTEQ6L1)
161174 ,		 0.00188808 ,		 1.0 ,		 1.0 ,		 -- ,		 280 ,		 2 ,		 Pythia8 ,		 ZH_H->WW->leplep(CTEQ6L1)
161175 ,		 0.00139434 ,		 1.0 ,		 1.0 ,		 -- ,		 300 ,		 2 ,		 Pythia8 ,		 ZH_H->WW->leplep(CTEQ6L1)

161502 ,		 0.0292163 ,		 1.0 ,		 0.438048 ,		 -- ,		 110 ,		 2 ,		 Pythia8 ,		 ZH_H->WW->lepjetjet(CTEQ6L1)
161503 ,		 0.0469361 ,		 1.0 ,		 0.438048 ,		 -- ,		 115 ,		 2 ,		 Pythia8 ,		 ZH_H->WW->lepjetjet(CTEQ6L1)
161504 ,		 0.0415422 ,		 1.0 ,		 0.438048 ,		 -- ,		 120 ,		 2 ,		 Pythia8 ,		 ZH_H->WW->lepjetjet(CTEQ6L1)
161505 ,		 0.0892895 ,		 1.0 ,		 0.438048 ,		 -- ,		 125 ,		 1 ,		 Pythia8 ,		 ZH_H->WW->lepjetjet(CTEQ6L1)
161506 ,		 0.111231 ,		 1.0 ,		 0.438048 ,		 -- ,		 130 ,		 2 ,		 Pythia8 ,		 ZH_H->WW->lepjetjet(CTEQ6L1)
161507 ,		 0.13036 ,		 1.0 ,		 0.438048 ,		 -- ,		 135 ,		 2 ,		 Pythia8 ,		 ZH_H->WW->lepjetjet(CTEQ6L1)
161508 ,		 0.14519 ,		 1.0 ,		 0.438048 ,		 -- ,		 140 ,		 2 ,		 Pythia8 ,		 ZH_H->WW->lepjetjet(CTEQ6L1)
161509 ,		 0.15498 ,		 1.0 ,		 0.438048 ,		 -- ,		 145 ,		 2 ,		 Pythia8 ,		 ZH_H->WW->lepjetjet(CTEQ6L1)
161510 ,		 0.160637 ,		 1.0 ,		 0.438048 ,		 -- ,		 150 ,		 2 ,		 Pythia8 ,		 ZH_H->WW->lepjetjet(CTEQ6L1)
161511 ,		 0.163564 ,		 1.0 ,		 0.438048 ,		 -- ,		 155 ,		 2 ,		 Pythia8 ,		 ZH_H->WW->lepjetjet(CTEQ6L1)
161512 ,		 0.164893 ,		 1.0 ,		 0.438048 ,		 -- ,		 160 ,		 2 ,		 Pythia8 ,		 ZH_H->WW->lepjetjet(CTEQ6L1)
161513 ,		 0.164893 ,		 1.0 ,		 0.438048 ,		 -- ,		 165 ,		 2 ,		 Pythia8 ,		 ZH_H->WW->lepjetjet(CTEQ6L1)
161514 ,		 0.146335 ,		 1.0 ,		 0.438048 ,		 -- ,		 170 ,		 2 ,		 Pythia8 ,		 ZH_H->WW->lepjetjet(CTEQ6L1)
161515 ,		 0.13115 ,		 1.0 ,		 0.438048 ,		 -- ,		 175 ,		 2 ,		 Pythia8 ,		 ZH_H->WW->lepjetjet(CTEQ6L1)
161516 ,		 0.114729 ,		 1.0 ,		 0.438048 ,		 -- ,		 180 ,		 2 ,		 Pythia8 ,		 ZH_H->WW->lepjetjet(CTEQ6L1)
161517 ,		 0.09495 ,		 1.0 ,		 0.438048 ,		 -- ,		 185 ,		 2 ,		 Pythia8 ,		 ZH_H->WW->lepjetjet(CTEQ6L1)
161518 ,		 0.0803292 ,		 1.0 ,		 0.438048 ,		 -- ,		 190 ,		 2 ,		 Pythia8 ,		 ZH_H->WW->lepjetjet(CTEQ6L1)
161519 ,		 0.070507 ,		 1.0 ,		 0.438048 ,		 -- ,		 195 ,		 2 ,		 Pythia8 ,		 ZH_H->WW->lepjetjet(CTEQ6L1)
161520 ,		 0.0629183 ,		 1.0 ,		 0.438048 ,		 -- ,		 200 ,		 2 ,		 Pythia8 ,		 ZH_H->WW->lepjetjet(CTEQ6L1)
161521 ,		 0.0423616 ,		 1.0 ,		 0.438048 ,		 -- ,		 220 ,		 2 ,		 Pythia8 ,		 ZH_H->WW->lepjetjet(CTEQ6L1)
161522 ,		 0.029561 ,		 1.0 ,		 0.438048 ,		 -- ,		 240 ,		 2 ,		 Pythia8 ,		 ZH_H->WW->lepjetjet(CTEQ6L1)
161523 ,		 0.0210539 ,		 1.0 ,		 0.438048 ,		 -- ,		 260 ,		 2 ,		 Pythia8 ,		 ZH_H->WW->lepjetjet(CTEQ6L1)
161524 ,		 0.0152761 ,		 1.0 ,		 0.438048 ,		 -- ,		 280 ,		 2 ,		 Pythia8 ,		 ZH_H->WW->lepjetjet(CTEQ6L1)
161525 ,		 0.0112588 ,		 1.0 ,		 0.438048 ,		 -- ,		 300 ,		 2 ,		 Pythia8 ,		 ZH_H->WW->lepjetjet(CTEQ6L1)

161990 ,		 0.027993 ,		 1.0 ,		 0.096 ,		 -- ,		 125 ,		 2 ,		 Pythia8 ,		 ttH->WW_SS_EF(CTEQ6L1)
161991 ,		 0.027993 ,		 1.0 ,		 0.092 ,		 -- ,		 125 ,		 1 ,		 Pythia8 ,		 ttH->WW_3lep_EF(CTEQ6L1)
161992 ,		 0.027993 ,		 1.0 ,		 0.011 ,		 -- ,		 125 ,		 2 ,		 Pythia8 ,		 ttH->WW_4lep(CTEQ6L1)
167070 ,		 0.151489 ,		 1.0 ,		 0.247 ,		 -- ,		 125 ,		 2 ,		 Pythia8 ,		 WH->WW_2lep_EF(CTEQ6L1)
167078 ,		 0.151489 ,		 1.0 ,		 0.03401 ,		 -- ,		 125 ,		 1 ,		 Pythia8 ,		 WH->WW_3lep_EF(CTEQ6L1)
167071 ,		 0.0892895 ,		 1.0 ,		 0.196 ,		 -- ,		 125 ,		 1 ,		 Pythia8 ,		 ZH->WW_2lep_EF(CTEQ6L1)
167072 ,		 0.0892895 ,		 1.0 ,		 0.011 ,		 -- ,		 125 ,		 2 ,		 Pythia8 ,		 ZH->WW_4lep(CTEQ6L1)

161903 ,		 0.440563 ,		 1.0 ,		 0.38669 ,		 -- ,		 125 ,		 2 ,		 PowHeg+Pythia8 ,		 ggF_H->WW->leplep_tauEF(CT10)
161904 ,		 0.574766 ,		 1.0 ,		 0.38805 ,		 -- ,		 130 ,		 2 ,		 PowHeg+Pythia8 ,		 ggF_H->WW->leplep_tauEF(CT10)
161913 ,		 0.0356152 ,		 1.0 ,		 0.38952 ,		 -- ,		 125 ,		 2 ,		 PowHeg+Pythia8 ,		 VBF_H->WW->leplep_tauEF(CT10)
161914 ,		 0.0480615 ,		 1.0 ,		 0.39007 ,		 -- ,		 130 ,		 2 ,		 PowHeg+Pythia8 ,		 VBF_H->WW->leplep_tauEF(CT10)

167110 ,		 0.195806 ,		 1.0 ,		 1.0 ,		 -- ,		 125 ,		 2 ,		 JHU+Pythia8 ,		 gg_H->WW->leplep_spinCP=0-(CTEQ6L1)
167111 ,		 0.195806 ,		 1.0 ,		 1.0 ,		 -- ,		 125 ,		 2 ,		 JHU+Pythia8 ,		 gg_H->WW->leplep_spinCP=0+(CTEQ6L1)
167113 ,		 0.195806 ,		 1.0 ,		 1.0 ,		 -- ,		 125 ,		 2 ,		 JHU+Pythia8 ,		 gg_qq_H->WW->leplep_spinCP=2+(CTEQ6L1)
167114 ,		 0.195806 ,		 1.0 ,		 1.0 ,		 -- ,		 125 ,		 2 ,		 JHU+Pythia8 ,		 gg_qq_H->WW->leplep_spinCP=2-(CTEQ6L1)
167115 ,		 0.0489515 ,		 1.0 ,		 1.0 ,		 -- ,		 125 ,		 2 ,		 JHU+Pythia8 ,		 gg_H->WW->tautau_spinCP=0-(CTEQ6L1)
167116 ,		 0.0489515 ,		 1.0 ,		 1.0 ,		 -- ,		 125 ,		 2 ,		 JHU+Pythia8 ,		 gg_H->WW->tautau_spinCP=0+(CTEQ6L1)
167118 ,		 0.0489515 ,		 1.0 ,		 1.0 ,		 -- ,		 125 ,		 2 ,		 JHU+Pythia8 ,		 gg_qq_H->WW->tautau_spinCP=2+(CTEQ6L1)
167119 ,		 0.0489515 ,		 1.0 ,		 1.0 ,		 -- ,		 125 ,		 2 ,		 JHU+Pythia8 ,		 gg_qq_H->WW->tautau_spinCP=2-(CTEQ6L1)
167300 ,		 0.097903 ,		 1.0 ,		 1.0 ,		 -- ,		 125 ,		 2 ,		 JHU+Pythia8 ,		 gg_H->WW->taulep_spinCP=0-(CTEQ6L1)
167301 ,		 0.097903 ,		 1.0 ,		 1.0 ,		 -- ,		 125 ,		 2 ,		 JHU+Pythia8 ,		 gg_H->WW->taulep_spinCP=0+(CTEQ6L1)
167303 ,		 0.097903 ,		 1.0 ,		 1.0 ,		 -- ,		 125 ,		 2 ,		 JHU+Pythia8 ,		 gg_qq_H->WW->taulep_spinCP=2+(CTEQ6L1)
167304 ,		 0.097903 ,		 1.0 ,		 1.0 ,		 -- ,		 125 ,		 2 ,		 JHU+Pythia8 ,		 gg_qq_H->WW->taulep_spinCP=2-(CTEQ6L1)
167305 ,		 0.097903 ,		 1.0 ,		 1.0 ,		 -- ,		 125 ,		 2 ,		 JHU+Pythia8 ,		 gg_H->WW->leptau_spinCP=0-(CTEQ6L1)
167306 ,		 0.097903 ,		 1.0 ,		 1.0 ,		 -- ,		 125 ,		 2 ,		 JHU+Pythia8 ,		 gg_H->WW->leptau_spinCP=0+(CTEQ6L1)
167308 ,		 0.097903 ,		 1.0 ,		 1.0 ,		 -- ,		 125 ,		 2 ,		 JHU+Pythia8 ,		 gg_qq_H->WW->leptau_spinCP=2+(CTEQ6L1)
167309 ,		 0.097903 ,		 1.0 ,		 1.0 ,		 -- ,		 125 ,		 2 ,		 JHU+Pythia8 ,		 gg_qq_H->WW->leptau_spinCP=2-(CTEQ6L1)

161200 ,		 0.440563 ,		 1.0 ,		 0.89318 ,		 -- ,		 125 ,		 2 ,		 PowHeg+Herwig ,		 ggF_H->WW->leplep(CT10)
161210 ,		 0.0356152 ,		 1.0 ,		 0.89814 ,		 -- ,		 125 ,		 2 ,		 PowHeg+Herwig ,		 VBF_H->WW->leplep(CT10)

161555 ,		 1.2434 ,		 1.0 ,		 0.12730624 ,		 -- ,		 125 ,		 2 ,		 Powheg+Pythia8 ,		 ggF_H->tautau->leplep(CT10)
161595 ,		 0.1005 ,		 1.0 ,		 0.12730624 ,		 -- ,		 125 ,		 2 ,		 Powheg+Pythia8 ,		 VBF_H->tautau->leplep(CT10)
161566 ,		 1.2434 ,		 1.0 ,		 0.456192 ,		 -- ,		 125 ,		 2 ,		 Powheg+Pythia8 ,		 ggF_H->tautau->lephad(CT10)
161606 ,		 0.1005 ,		 1.0 ,		 0.456192 ,		 -- ,		 125 ,		 2 ,		 Powheg+Pythia8 ,		 VBF_H->tautau->lephad(CT10)

160152 ,		 0.00116584 ,		 1.0 ,		 1.0 ,		 -- ,		 110 ,		 1 ,		 Powheg+Pythia8 ,		 ggF_H->ZZ->4leptons(CT10)
160153 ,		 0.00208925 ,		 1.0 ,		 1.0 ,		 -- ,		 115 ,		 1 ,		 Powheg+Pythia8 ,		 ggF_H->ZZ->4leptons(CT10)
160154 ,		 0.00348362 ,		 1.0 ,		 1.0 ,		 -- ,		 120 ,		 1 ,		 Powheg+Pythia8 ,		 ggF_H->ZZ->4leptons(CT10)
160155 ,		 0.00531852 ,		 1.0 ,		 1.0 ,		 -- ,		 125 ,		 1 ,		 Powheg+Pythia8 ,		 ggF_H->ZZ->4leptons(CT10)
160156 ,		 0.0073899 ,		 1.0 ,		 1.0 ,		 -- ,		 130 ,		 1 ,		 Powheg+Pythia8 ,		 ggF_H->ZZ->4leptons(CT10)
160157 ,		 0.00939519 ,		 1.0 ,		 1.0 ,		 -- ,		 135 ,		 1 ,		 Powheg+Pythia8 ,		 ggF_H->ZZ->4leptons(CT10)
160158 ,		 0.0109636 ,		 1.0 ,		 1.0 ,		 -- ,		 140 ,		 1 ,		 Powheg+Pythia8 ,		 ggF_H->ZZ->4leptons(CT10)
160159 ,		 0.0118138 ,		 1.0 ,		 1.0 ,		 -- ,		 145 ,		 1 ,		 Powheg+Pythia8 ,		 ggF_H->ZZ->4leptons(CT10)
160160 ,		 0.0115175 ,		 1.0 ,		 1.0 ,		 -- ,		 150 ,		 1 ,		 Powheg+Pythia8 ,		 ggF_H->ZZ->4leptons(CT10)
160161 ,		 0.00961115 ,		 1.0 ,		 1.0 ,		 -- ,		 155 ,		 1 ,		 Powheg+Pythia8 ,		 ggF_H->ZZ->4leptons(CT10)
160162 ,		 0.005083 ,		 1.0 ,		 1.0 ,		 -- ,		 160 ,		 1 ,		 Powheg+Pythia8 ,		 ggF_H->ZZ->4leptons(CT10)
160163 ,		 0.00249019 ,		 1.0 ,		 1.0 ,		 -- ,		 165 ,		 1 ,		 Powheg+Pythia8 ,		 ggF_H->ZZ->4leptons(CT10)
160164 ,		 0.00245097 ,		 1.0 ,		 1.0 ,		 -- ,		 170 ,		 1 ,		 Powheg+Pythia8 ,		 ggF_H->ZZ->4leptons(CT10)
160165 ,		 0.00314358 ,		 1.0 ,		 1.0 ,		 -- ,		 175 ,		 1 ,		 Powheg+Pythia8 ,		 ggF_H->ZZ->4leptons(CT10)
160166 ,		 0.00549576 ,		 1.0 ,		 1.0 ,		 -- ,		 180 ,		 1 ,		 Powheg+Pythia8 ,		 ggF_H->ZZ->4leptons(CT10)
160167 ,		 0.0127422 ,		 1.0 ,		 1.0 ,		 -- ,		 185 ,		 1 ,		 Powheg+Pythia8 ,		 ggF_H->ZZ->4leptons(CT10)
160168 ,		 0.016659 ,		 1.0 ,		 1.0 ,		 -- ,		 190 ,		 1 ,		 Powheg+Pythia8 ,		 ggF_H->ZZ->4leptons(CT10)
160169 ,		 0.0179201 ,		 1.0 ,		 1.0 ,		 -- ,		 195 ,		 1 ,		 Powheg+Pythia8 ,		 ggF_H->ZZ->4leptons(CT10)
160170 ,		 0.0183398 ,		 1.0 ,		 1.0 ,		 -- ,		 200 ,		 1 ,		 Powheg+Pythia8 ,		 ggF_H->ZZ->4leptons(CT10)
160171 ,		 0.0172286 ,		 1.0 ,		 1.0 ,		 -- ,		 220 ,		 2 ,		 Powheg+Pythia8 ,		 ggF_H->ZZ->4leptons(CT10)
160172 ,		 0.0153222 ,		 1.0 ,		 1.0 ,		 -- ,		 240 ,		 2 ,		 Powheg+Pythia8 ,		 ggF_H->ZZ->4leptons(CT10)
160173 ,		 0.0135168 ,		 1.0 ,		 1.0 ,		 -- ,		 260 ,		 2 ,		 Powheg+Pythia8 ,		 ggF_H->ZZ->4leptons(CT10)
160174 ,		 0.0121265 ,		 1.0 ,		 1.0 ,		 -- ,		 280 ,		 2 ,		 Powheg+Pythia8 ,		 ggF_H->ZZ->4leptons(CT10)
160175 ,		 0.0111773 ,		 1.0 ,		 1.0 ,		 -- ,		 300 ,		 2 ,		 Powheg+Pythia8 ,		 ggF_H->ZZ->4leptons(CT10)
160176 ,		 0.0105888 ,		 1.0 ,		 1.0 ,		 -- ,		 320 ,		 2 ,		 Powheg+Pythia8 ,		 ggF_H->ZZ->4leptons(CT10)
160177 ,		 0.0105808 ,		 1.0 ,		 1.0 ,		 -- ,		 340 ,		 2 ,		 Powheg+Pythia8 ,		 ggF_H->ZZ->4leptons(CT10)
160178 ,		 0.010155 ,		 1.0 ,		 1.0 ,		 -- ,		 360 ,		 2 ,		 Powheg+Pythia8 ,		 ggF_H->ZZ->4leptons(CT10)
160179 ,		 0.00914373 ,		 1.0 ,		 1.0 ,		 -- ,		 380 ,		 2 ,		 Powheg+Pythia8 ,		 ggF_H->ZZ->4leptons(CT10)
160180 ,		 0.00797433 ,		 1.0 ,		 1.0 ,		 -- ,		 400 ,		 2 ,		 Powheg+Pythia8 ,		 ggF_H->ZZ->4leptons(CT10)
160181 ,		 0.0068085 ,		 1.0 ,		 1.0 ,		 -- ,		 420 ,		 2 ,		 Powheg+Pythia8 ,		 ggF_H->ZZ->4leptons(CT10)
160182 ,		 0.00574992 ,		 1.0 ,		 1.0 ,		 -- ,		 440 ,		 2 ,		 Powheg+Pythia8 ,		 ggF_H->ZZ->4leptons(CT10)
160183 ,		 0.00483131 ,		 1.0 ,		 1.0 ,		 -- ,		 460 ,		 2 ,		 Powheg+Pythia8 ,		 ggF_H->ZZ->4leptons(CT10)
160184 ,		 0.00404494 ,		 1.0 ,		 1.0 ,		 -- ,		 480 ,		 2 ,		 Powheg+Pythia8 ,		 ggF_H->ZZ->4leptons(CT10)
160185 ,		 0.00339995 ,		 1.0 ,		 1.0 ,		 -- ,		 500 ,		 2 ,		 Powheg+Pythia8 ,		 ggF_H->ZZ->4leptons(CT10)
160186 ,		 0.00285423 ,		 1.0 ,		 1.0 ,		 -- ,		 520 ,		 2 ,		 Powheg+Pythia8 ,		 ggF_H->ZZ->4leptons(CT10)
160187 ,		 0.0023976 ,		 1.0 ,		 1.0 ,		 -- ,		 540 ,		 2 ,		 Powheg+Pythia8 ,		 ggF_H->ZZ->4leptons(CT10)
160188 ,		 0.00201678 ,		 1.0 ,		 1.0 ,		 -- ,		 560 ,		 2 ,		 Powheg+Pythia8 ,		 ggF_H->ZZ->4leptons(CT10)
160189 ,		 0.00170647 ,		 1.0 ,		 1.0 ,		 -- ,		 580 ,		 2 ,		 Powheg+Pythia8 ,		 ggF_H->ZZ->4leptons(CT10)
160190 ,		 0.00144871 ,		 1.0 ,		 1.0 ,		 -- ,		 600 ,		 2 ,		 Powheg+Pythia8 ,		 ggF_H->ZZ->4leptons(CT10)

161630 ,		 0.119812 ,		 1.0 ,		 0.123904 ,		 -- ,		 100 ,		 2 ,		 Pythia8 ,		 WH_H->tautau->leplep(CTEQ6L1)
161631 ,		 0.101471 ,		 1.0 ,		 0.123904 ,		 -- ,		 105 ,		 2 ,		 Pythia8 ,		 WH_H->tautau->leplep(CTEQ6L1)
161632 ,		 0.0851445 ,		 1.0 ,		 0.123904 ,		 -- ,		 110 ,		 1 ,		 Pythia8 ,		 WH_H->tautau->leplep(CTEQ6L1)
161633 ,		 0.0702363 ,		 1.0 ,		 0.123904 ,		 -- ,		 115 ,		 1 ,		 Pythia8 ,		 WH_H->tautau->leplep(CTEQ6L1)
161634 ,		 0.0566861 ,		 1.0 ,		 0.123904 ,		 -- ,		 120 ,		 1 ,		 Pythia8 ,		 WH_H->tautau->leplep(CTEQ6L1)
161635 ,		 0.0445307 ,		 1.0 ,		 0.123904 ,		 -- ,		 125 ,		 1 ,		 Pythia8 ,		 WH_H->tautau->leplep(CTEQ6L1)
161636 ,		 0.033621 ,		 1.0 ,		 0.123904 ,		 -- ,		 130 ,		 1 ,		 Pythia8 ,		 WH_H->tautau->leplep(CTEQ6L1)
161637 ,		 0.0243178 ,		 1.0 ,		 0.123904 ,		 -- ,		 135 ,		 1 ,		 Pythia8 ,		 WH_H->tautau->leplep(CTEQ6L1)
161638 ,		 0.0167834 ,		 1.0 ,		 0.123904 ,		 -- ,		 140 ,		 1 ,		 Pythia8 ,		 WH_H->tautau->leplep(CTEQ6L1)
161639 ,		 0.0110038 ,		 1.0 ,		 0.123904 ,		 -- ,		 145 ,		 1 ,		 Pythia8 ,		 WH_H->tautau->leplep(CTEQ6L1)
161640 ,		 0.00663584 ,		 1.0 ,		 0.123904 ,		 -- ,		 150 ,		 1 ,		 Pythia8 ,		 WH_H->tautau->leplep(CTEQ6L1)

161670 ,		 0.0670846 ,		 1.0 ,		 0.123904 ,		 -- ,		 100 ,		 2 ,		 Pythia8 ,		 ZH_H->tautau->leplep(CTEQ6L1)
161671 ,		 0.0573697 ,		 1.0 ,		 0.123904 ,		 -- ,		 105 ,		 2 ,		 Pythia8 ,		 ZH_H->tautau->leplep(CTEQ6L1)
161672 ,		 0.0486938 ,		 1.0 ,		 0.123904 ,		 -- ,		 110 ,		 1 ,		 Pythia8 ,		 ZH_H->tautau->leplep(CTEQ6L1)
161673 ,		 0.0406136 ,		 1.0 ,		 0.123904 ,		 -- ,		 115 ,		 1 ,		 Pythia8 ,		 ZH_H->tautau->leplep(CTEQ6L1)
161674 ,		 0.0331584 ,		 1.0 ,		 0.123904 ,		 -- ,		 120 ,		 1 ,		 Pythia8 ,		 ZH_H->tautau->leplep(CTEQ6L1)
161675 ,		 0.026247 ,		 1.0 ,		 0.123904 ,		 -- ,		 125 ,		 1 ,		 Pythia8 ,		 ZH_H->tautau->leplep(CTEQ6L1)
161676 ,		 0.0200069 ,		 1.0 ,		 0.123904 ,		 -- ,		 130 ,		 1 ,		 Pythia8 ,		 ZH_H->tautau->leplep(CTEQ6L1)
161677 ,		 0.0146329 ,		 1.0 ,		 0.123904 ,		 -- ,		 135 ,		 1 ,		 Pythia8 ,		 ZH_H->tautau->leplep(CTEQ6L1)
161678 ,		 0.010201 ,		 1.0 ,		 0.123904 ,		 -- ,		 140 ,		 1 ,		 Pythia8 ,		 ZH_H->tautau->leplep(CTEQ6L1)
161679 ,		 0.00674163 ,		 1.0 ,		 0.123904 ,		 -- ,		 145 ,		 1 ,		 Pythia8 ,		 ZH_H->tautau->leplep(CTEQ6L1)
161680 ,		 0.00410824 ,		 1.0 ,		 0.123904 ,		 -- ,		 150 ,		 1 ,		 Pythia8 ,		 ZH_H->tautau->leplep(CTEQ6L1)
